"","G","A","RepoUrl","Dataset","Cloned","LastCommitDate","Commits","Branches","Tags","Committers","CommitID","RootPOM","Compile","Test1","Tests","Test2"
"1","52North","SOS","https://github.com/52North/SOS.git","test","true","WedDec1106:55:232019+0000",4714,1,84,21,"b03788d9d58cfc1b6940f0c7fde27795f013f516","true","true","true",0,"true"
"2","52North","SOS","https://github.com/52North/SOS.git","test","true","WedDec1106:55:232019+0000",4714,1,84,21,"b03788d9d58cfc1b6940f0c7fde27795f013f516","true","true","true",0,"true"
"3","AdamBien","javaee8-essentials-archetype","https://github.com/AdamBien/javaee8-essentials-archetype.git","test","true","WedJul3108:41:302019-0400",31,1,4,2,"5feee5e3f2f174598896e12af43486005f46bfe1","true","true","true",0,"true"
"4","adamcin","oakpal","https://github.com/adamcin/oakpal.git","test","true","TueNov517:39:202019-0800",630,1,40,3,"a355dadd9da5e3bf54d446837eac0c233d4e45aa","true","true","true",0,"true"
"5","adminfaces","admin-starter-persistence-archetype","https://github.com/adminfaces/admin-starter-persistence-archetype.git","test","true","WedJun511:48:202019-0300",32,1,5,3,"d7a4d580cf9f85ad64a5cf047b550bd70cdb7f79","true","true","true",0,"true"
"6","adorsys","docusafe2","https://github.com/adorsys/docusafe2.git","test","true","SatNov3016:54:062019+0100",1653,1,27,32,"117441aab65f0b8de7989800c626e4999380ac73","true","true","false",NA,NA
"7","adorsys","keycloak-config-cli","https://github.com/adorsys/keycloak-config-cli.git","test","true","SunNov2420:57:182019+0100",189,1,42,4,"bb3962dd6a31b5dc05cab308ea6b2a4dee592ab8","true","true","true",19,"true"
"8","adorsys","keycloak-user-secret-adapter","https://github.com/adorsys/keycloak-user-secret-adapter.git","test","true","FriSep2015:13:262019+0200",54,1,11,5,"5f4b80cdb62dba14de24b5f18f4214d31ac4caa6","true","true","true",0,"true"
"9","adorsys","multibanking","https://github.com/adorsys/multibanking.git","test","true","MonDec912:21:412019+0100",1691,1,219,37,"0282e965e9aecba29d21fd6e79f5e910b08e2532","true","true","true",31,"true"
"10","adorsys","pushit","https://github.com/adorsys/pushit.git","test","true","ThuJun3017:29:282016+0200",42,1,3,4,"cab3504a1b4f030ba061ffc92b7cf1506486e856","true","true","true",0,"true"
"11","adorsys","pushit","https://github.com/adorsys/pushit.git","test","true","ThuJun3017:29:282016+0200",42,1,3,4,"cab3504a1b4f030ba061ffc92b7cf1506486e856","true","true","true",0,"true"
"12","adorsys","secure-token-service","https://github.com/adorsys/secure-token-service.git","test","true","TueNov2616:49:352019+0100",434,1,82,14,"7bead1a142359538f37dd72d637f86dfad771e11","true","true","false",NA,NA
"13","adorsys","smartanalytics","https://github.com/adorsys/smartanalytics.git","test","true","WedNov2010:47:572019+0100",206,1,59,6,"3f56d3635aa8bc7c56aa2cc742177232070d3fa7","true","true","true",140,"true"
"14","adorsys","xs2a","https://github.com/adorsys/xs2a.git","test","true","FriDec616:07:112019+0200",8244,1,95,96,"33a23ae8a65e9bf439301bbb38f95e3f6e5378f4","true","true","true",86,"true"
"15","adorsys","xs2a-adapter","https://github.com/adorsys/xs2a-adapter.git","test","true","TueDec1013:49:532019+0200",883,1,5,18,"de152c7835acc07c172873ed0a71b68c24acbe2c","true","true","true",152,"true"
"16","adorsys","xs2a-gateway","https://github.com/adorsys/xs2a-gateway.git","test","true","TueDec1013:49:532019+0200",883,1,5,18,"de152c7835acc07c172873ed0a71b68c24acbe2c","true","true","true",152,"true"
"17","aerogear","aerogear-unifiedpush-server","https://github.com/aerogear/aerogear-unifiedpush-server.git","test","true","WedDec416:57:532019-0500",3871,1,57,80,"a2d5d75f4a495bdfa3e7627c36b6639a5c908f92","true","true","false",NA,NA
"18","aicis","fresco","https://github.com/aicis/fresco.git","test","true","MonOct2115:17:212019+0200",3754,1,8,42,"de87b92eed7e3299adefdad58163ec8f49bce9d7","true","true","true",991,"true"
"19","AKSW","RDFUnit","https://github.com/AKSW/RDFUnit.git","test","true","WedJul1009:20:002019+0300",2036,1,60,33,"63b5f57d13425a86113a368ba3dbc14dee839c7d","true","true","true",0,"true"
"20","alainsahli","confluence-publisher","https://github.com/alainsahli/confluence-publisher.git","test","true","SatNov1618:55:322019+0100",489,1,8,14,"f0fa6f53e4c43129bf6465f82d9c3d5ead20416f","true","true","false",NA,NA
"21","alexec","docker-java","https://github.com/alexec/docker-java.git","test","true","FriJul1521:22:552016+0100",1538,1,32,129,"fa0a69a3dbee6a940a21e77e6868ac95f7fbd660","true","true","true",231,"true"
"22","alexec","docker-java-orchestration","https://github.com/alexec/docker-java-orchestration.git","test","true","SunJul215:38:432017-0400",657,1,68,35,"e99c8740af72259470474b1398f41a18464e5cf5","true","true","true",57,"true"
"23","amihaiemil","comdor","https://github.com/amihaiemil/comdor.git","test","true","FriDec2114:31:402018+0200",149,1,2,6,"25f6a759d51ffe6aa88619f0273a2773a08cd00a","true","true","true",75,"true"
"24","amoAHCP","vxms","https://github.com/amoAHCP/vxms.git","test","true","ThuOct2417:53:362019+0200",363,1,2,5,"37da942c41e001f6936c060995c66e56a8e182c8","true","true","true",258,"true"
"25","AmyAssist","Amy","https://github.com/AmyAssist/Amy.git","test","true","ThuNov1410:33:442019+0100",2632,1,8,27,"fb9c9999bc23bf7af35c14a114d3c8f26b7c8620","true","true","false",NA,NA
"26","andrewgaul","s3proxy","https://github.com/andrewgaul/s3proxy.git","test","true","SunNov1012:57:582019+0900",791,1,16,31,"8eb91ad359cc3e44254a02205eddabd82717e57f","true","true","true",0,"true"
"27","apache","incubator-plc4x","https://github.com/apache/incubator-plc4x.git","test","true","WedDec1117:39:422019+0100",3027,1,13,53,"59cd9d3839dcb6083350144802142360182c59c1","true","true","true",0,"true"
"28","apache","juneau","https://github.com/apache/juneau.git","test","true","WedNov2710:18:182019-0500",1829,1,40,25,"2a1831beb34236fd7d6bfce086f21e6c1ef0a2c6","true","true","true",0,"true"
"29","apache","plc4x","https://github.com/apache/plc4x.git","test","true","SunDec817:56:242019+0100",3015,1,13,53,"59cd9d3839dcb6083350144802142360182c59c1","true","true","true",0,"true"
"30","apersonw","rxjava","https://github.com/apersonw/rxjava.git","test","true","WedNov611:32:502019+0800",203,1,7,7,"eb58f1af6a6325fcf9d5dcd0886a542ce8952570","true","true","true",0,"true"
"31","arminbalalaie","SpiderSilk","https://github.com/arminbalalaie/SpiderSilk.git","test","true","WedMay109:59:512019-0700",155,1,2,1,"d9ea5c804ff464192fde446103e8b215ef323fb5","true","true","false",NA,NA
"32","ArqiSoft","system-java","https://github.com/ArqiSoft/system-java.git","test","true","WedAug1407:19:392019-0400",11,1,0,1,"3ca197cb3cc10396647b4fc8719d96a6c0c6f813","true","true","false",NA,NA
"33","arquillian","arquillian-cube-q","https://github.com/arquillian/arquillian-cube-q.git","test","true","TueMay720:33:182019+0200",106,1,3,9,"1d7566f3588855c25729274f3f53cf1a345ef0ce","true","true","false",NA,NA
"34","automate-website","jwebrobot","https://github.com/automate-website/jwebrobot.git","test","true","SunFeb1722:04:382019+0100",443,1,40,8,"02836f18109c74177767e25600f8f801474d6345","true","true","true",0,"true"
"35","automate-website","shell","https://github.com/automate-website/shell.git","test","true","MonDec1800:45:022017+0100",33,1,1,2,"848f581550485efd38ce3a8171482a88188bf286","true","true","true",10,"true"
"36","awslabs","amazon-kinesis-video-streams-producer-sdk-java","https://github.com/awslabs/amazon-kinesis-video-streams-producer-sdk-java.git","test","true","WedJul1001:30:242019+0000",44,1,15,10,"026f890c7b8975e423c859062a807220e290bd23","true","true","true",6,"true"
"37","Azure","azure-libraries-for-java","https://github.com/Azure/azure-libraries-for-java.git","test","true","TueDec1017:50:562019+0800",839,1,46,52,"ebaf5ade2d4677aa83c0e1cd5029ff5d1c220ab9","true","true","false",NA,NA
"38","BaseXdb","basex","https://github.com/BaseXdb/basex.git","test","true","MonDec917:18:452019+0100",11974,1,72,131,"3e458a685cae64ffa6ba67fbec3d540448d24ce9","true","true","true",0,"true"
"39","beingcoder","openapi-generator","https://github.com/beingcoder/openapi-generator.git","test","true","MonDec2417:46:422018+0800",11760,1,16,1238,"2353d71d4b02be6dbabe25aac1a9e56eb3b812a2","true","true","true",0,"true"
"40","binfalse","CaRoWeb","https://github.com/binfalse/CaRoWeb.git","test","true","MonJun2412:21:122019+0200",15,1,0,1,"ddfda15292bfdb34cc449bea118f0e4fc4433fab","true","true","true",0,"true"
"41","binfalse","M2CAT","https://github.com/binfalse/M2CAT.git","test","true","MonJun2412:24:042019+0200",50,1,0,5,"94a6c706e05fb48fc954040f936ed555e321ce89","true","true","true",0,"true"
"42","blinkfox","jpack-maven-plugin","https://github.com/blinkfox/jpack-maven-plugin.git","test","true","MonNov2520:38:192019+0800",100,1,8,2,"ac76546c1990353e1a2278ef604a586d31f7f627","true","true","true",0,"true"
"43","bq","feedback-rem","https://github.com/bq/feedback-rem.git","test","true","TueJul1216:10:272016+0000",52,1,11,13,"ddc520e6387ba263dfca5c2a5e370f6a4eb0304b","true","true","true",12,"true"
"44","BriteSnow","j8ql","https://github.com/BriteSnow/j8ql.git","test","true","MonNov2611:23:112018-0800",52,1,7,3,"1a1e3ccb15ea3fe8d165fafcb43c024e883bf4d9","true","true","false",NA,NA
"45","bytegriffin","Get4J","https://github.com/bytegriffin/Get4J.git","test","true","WedSep2520:07:282019+0800",58,1,6,3,"8798abd70a84e36da0fc3eb8826f597fca8d05c3","true","true","true",0,"true"
"46","CampagneLaboratory","variationanalysis","https://github.com/CampagneLaboratory/variationanalysis.git","test","true","ThuMay3123:16:062018-0400",2615,1,19,11,"6c831531d653d577c31a88569c8d824b37f3f226","true","true","false",NA,NA
"47","CampagneLaboratory","variationanalysis","https://github.com/CampagneLaboratory/variationanalysis.git","test","true","ThuMay3123:16:062018-0400",2615,1,19,11,"6c831531d653d577c31a88569c8d824b37f3f226","true","true","false",NA,NA
"48","camunda","camunda-bpm-identity-keycloak","https://github.com/camunda/camunda-bpm-identity-keycloak.git","test","true","TueDec1021:26:552019+0100",118,1,3,8,"271effb1d41a6ba10318367c89dd165c62329b77","true","true","false",NA,NA
"49","ceph","rados-java","https://github.com/ceph/rados-java.git","test","true","ThuJul1112:40:592019+0200",244,1,8,33,"8c8b57c1c52ab18eb1a853654778129f9fcd2a0e","true","true","false",NA,NA
"50","ci-and-cd","topinfra-maven","https://github.com/ci-and-cd/topinfra-maven.git","test","true","MonSep2303:03:282019+1200",178,1,13,4,"eef93041857dbf4120ab0afbd214e47dfa02b215","true","true","true",0,"true"
"51","clairton","repository","https://github.com/clairton/repository.git","test","true","WedOct2408:55:302018-0300",204,1,51,3,"95fb940e44829295d338791aad31cedc84ce17dc","true","true","true",55,"true"
"52","ClouDesire","janine","https://github.com/ClouDesire/janine.git","test","true","MonNov1110:16:502019+0100",219,1,2,7,"977cdcb1efdea2650a1a769584d797eabd6825df","true","true","false",NA,NA
"53","configrd","configrd-service","https://github.com/configrd/configrd-service.git","test","true","TueMay2122:36:382019-0700",135,1,0,9,"026896136a446bc85b95e0bd0295aded26c24785","true","true","false",NA,NA
"54","corbel-platform","corbel","https://github.com/corbel-platform/corbel.git","test","true","FriMar812:56:032019+0100",816,1,13,38,"9934fb80031f102db4e08fb6f9921c2f9c197cdf","true","true","true",761,"true"
"55","cossme","grinder","https://github.com/cossme/grinder.git","test","true","ThuNov1409:58:202019+0100",177,1,3,9,"028f38059723961c48169822927b603bc5d99ffd","true","true","false",NA,NA
"56","Coveros","zap-sonar-plugin","https://github.com/Coveros/zap-sonar-plugin.git","test","true","SunJul2817:57:432019-0400",64,1,5,9,"7d25544569a423f952e194c9f06d838aa3ecc578","true","true","true",13,"true"
"57","cpollet","postman-maven-plugin","https://github.com/cpollet/postman-maven-plugin.git","test","true","WedJun2021:26:362018+0200",75,1,1,1,"8cedab3561851cd454014b2cf6651fd76f9ac89a","true","true","true",0,"true"
"58","dapeng-soa","dapeng-soa","https://github.com/dapeng-soa/dapeng-soa.git","test","true","TueApr1612:22:572019+0800",2827,1,11,28,"6da369879e71ec70da46fb36867106f5ce511397","true","true","true",0,"true"
"59","dbmdz","solr-ocrpayload-plugin","https://github.com/dbmdz/solr-ocrpayload-plugin.git","test","true","WedMar1318:05:432019+0100",59,1,3,10,"3348826a3be6da985ea4001b4170ec731e922560","true","true","true",0,"true"
"60","ddewaele","springboot","https://github.com/ddewaele/springboot.crud.sample.git","test","true","WedMar2114:15:242018+0100",44,1,11,2,"531b64ee903fe435a8caf2cc09337caf8b438a27","true","true","true",1,"true"
"61","dell-oss","Doradus","https://github.com/dell-oss/Doradus.git","test","true","WedDec2314:53:232015+0300",917,1,6,22,"0ea38879035b691eeca408d4d63093f0fe2f9082","true","true","true",1,"true"
"62","dgageot","simplelenium","https://github.com/dgageot/simplelenium.git","test","true","ThuNov2419:04:292016+0100",529,1,50,5,"1a3120df104e40ace91c4cbaeb93e8ac4f88468c","true","true","false",NA,NA
"63","dhatim","fakesmtp","https://github.com/dhatim/fakesmtp.git","test","true","TueApr411:07:212017+0200",21,1,8,2,"7bc7c1384e9b035e51c268e77fbc55f8fd1fd6a1","true","true","true",5,"true"
"64","diabolicallabs","vertx-kieserver-client","https://github.com/diabolicallabs/vertx-kieserver-client.git","test","true","ThuNov1512:31:472018-0500",19,1,1,3,"d517867134d3692edd5add97a92f590f8895fc64","true","true","false",NA,NA
"65","dirtylabcoat","jee8project-archetype","https://github.com/dirtylabcoat/jee8project-archetype.git","test","true","FriAug2314:37:082019+0200",12,1,2,2,"8e6b12a02dd93454e15b1e5701a7a27cd8f2c0bb","true","true","true",0,"true"
"66","disneystreaming","pg2k4j","https://github.com/disneystreaming/pg2k4j.git","test","true","MonJun320:03:372019+0000",281,1,41,15,"3c95008fbf5dfa43c6274f347d92c2fbe6bb4e4c","true","true","true",27,"true"
"67","dkanejs","docker-compose-maven-plugin","https://github.com/dkanejs/docker-compose-maven-plugin.git","test","true","ThuOct2417:03:272019-0700",53,1,11,14,"2280b76c701a0ab16d6db29c2b5ab10a98eb723e","true","true","true",0,"true"
"68","dkpro","dkpro-meta","https://github.com/dkpro/dkpro-meta.git","test","true","FriJul510:18:572019+0200",57,1,2,4,"c32a4a6eb82798b1a68f81738adf2fb1a53044a2","true","true","true",0,"true"
"69","docker-java","docker-java","https://github.com/docker-java/docker-java.git","test","true","MonDec916:27:172019+0100",2019,1,62,227,"fa0a69a3dbee6a940a21e77e6868ac95f7fbd660","true","true","true",231,"true"
"70","docker-java","docker-java","https://github.com/docker-java/docker-java.git","test","true","MonDec916:27:172019+0100",2019,1,62,227,"fa0a69a3dbee6a940a21e77e6868ac95f7fbd660","true","true","true",231,"true"
"71","donhac","optimus-archetype-java","https://github.com/donhac/optimus-archetype-java.git","test","true","MonJul911:49:502018+0800",20,1,0,3,"5e41de673ac8539bffb942310f6fc2fd693a961b","true","true","true",0,"true"
"72","downgoon","jresty","https://github.com/downgoon/jresty.git","test","true","TueSep518:56:402017+0800",27,1,1,1,"d6e59bbde1e0f3431f22e447ae01d19282131f7f","true","true","false",NA,NA
"73","Dromara","soul","https://github.com/Dromara/soul.git","test","true","WedDec1114:52:182019+0800",416,1,4,26,"1bce7c39a201d6bf7a08df119636ddecc142da00","true","true","true",0,"true"
"74","druid-io","druid","https://github.com/druid-io/druid.git","test","true","TueDec1017:26:132019-0800",11110,1,438,458,"5c2b30795e06ea97d08bc27b1c4d10914f7b6396","true","true","false",NA,NA
"75","dukeboard","kevoree","https://github.com/dukeboard/kevoree.git","test","true","TueSep1916:26:232017+0200",4512,1,93,39,"1c62fdf6fb58b883934c2aecd816db06eb9e5b1f","true","true","false",NA,NA
"76","eclipse","dirigible","https://github.com/eclipse/dirigible.git","test","true","SatDec710:41:552019+0200",2907,1,28,38,"043699cff4de8c2bd77e59e08f3957c3f25dbf58","true","true","false",NA,NA
"77","eclipse","rdf4j","https://github.com/eclipse/rdf4j.git","test","true","WedDec1108:44:002019+1100",3263,1,58,56,"6b679c5d603b35a14f141157eb6bb7423ed4d8ea","true","true","true",0,"true"
"78","eclipse","rdf4j","https://github.com/eclipse/rdf4j.git","test","true","WedDec1108:44:002019+1100",3263,1,58,56,"6b679c5d603b35a14f141157eb6bb7423ed4d8ea","true","true","true",0,"true"
"79","eclipse","rdf4j-tools","https://github.com/eclipse/rdf4j-tools.git","test","true","MonAug2621:37:322019+1000",1505,1,52,32,"9128b4aeac82edc46f7cccda58d37954e14e6120","true","true","true",0,"true"
"80","eclipse-vertx","vertx-sql-client","https://github.com/eclipse-vertx/vertx-sql-client.git","test","true","ThuDec516:43:192019+0100",1120,1,33,30,"d1a534ab99770aa72d254aa6e3446529d6a4618c","true","true","false",NA,NA
"81","eitan101","Archetypes","https://github.com/eitan101/Archetypes.git","test","true","ThuFeb1514:45:482018+0200",5,1,0,1,"825f58ecdc839d88d8bb89c99601f506ac0adf8c","true","true","true",0,"true"
"82","elan-venture","virtualan","https://github.com/elan-venture/virtualan.git","test","true","TueSep2423:00:472019-0500",140,1,7,6,"99e8176a0714b2f73dc0025c97ba2e1951175e12","true","true","true",0,"true"
"83","erudika","para-dao-cassandra","https://github.com/erudika/para-dao-cassandra.git","test","true","TueNov518:34:522019+0200",100,1,24,2,"d8d8358b3183381b61e956f69828575a54c21556","true","true","true",0,"true"
"84","erudika","para-dao-mongodb","https://github.com/erudika/para-dao-mongodb.git","test","true","FriNov123:13:242019+0200",135,1,26,5,"f81026e40bbdd1700dd9cce6b37eddde86fa61e3","true","true","true",0,"true"
"85","erudika","para-dao-sql","https://github.com/erudika/para-dao-sql.git","test","true","WedNov1301:57:342019+0200",89,1,15,2,"3f4237519d4dcd8dd8be3a9447fb49346e340e4f","true","true","true",0,"true"
"86","erudika","para-search-elasticsearch","https://github.com/erudika/para-search-elasticsearch.git","test","true","WedOct3014:53:482019+0200",192,1,27,3,"c5652bfb1eac4d07e9f6f0ffa7f3b23ea9fdaa4f","true","true","true",0,"true"
"87","erudika","para-search-elasticsearch-v5","https://github.com/erudika/para-search-elasticsearch-v5.git","test","true","SunNov1017:46:582019+0200",75,1,10,2,"1cfbfcd1d9c8ddfd0c12560bd52b5288a9db1b86","true","true","true",0,"true"
"88","ExpediaDotCom","haystack-collector","https://github.com/ExpediaDotCom/haystack-collector.git","test","true","TueSep310:40:132019+0530",166,1,6,14,"58607330a0d0b10f4c7f59cab6047e0aaaa83f5c","true","true","true",2,"true"
"89","ExpediaDotCom","haystack-service-graph","https://github.com/ExpediaDotCom/haystack-service-graph.git","test","true","ThuNov1415:55:062019+0530",313,1,20,25,"41490994347e65ab42d80aca6b6100abfed13a46","true","true","false",NA,NA
"90","ExpediaDotCom","haystack-trends","https://github.com/ExpediaDotCom/haystack-trends.git","test","true","MonSep2314:39:082019+0530",517,1,9,25,"ee40ff771a25ab8f4f003fb943934ef8035ec130","true","true","true",0,"true"
"91","fabric8io","docker-client","https://github.com/fabric8io/docker-client.git","test","true","MonNov517:41:332018+0100",266,1,25,18,"196d9a6ea5e06c92b5759e0776deef00d48c217d","true","true","false",NA,NA
"92","fcrepo4-labs","fcrepo-api-x","https://github.com/fcrepo4-labs/fcrepo-api-x.git","test","true","ThuNov112:47:282018-0400",121,1,2,14,"69943540c35fc99fcb920a3a55e8e50a08792cb1","true","true","true",92,"true"
"93","fizzed","stork","https://github.com/fizzed/stork.git","test","true","MonJul2918:07:282019-0400",461,1,19,7,"fa85ea910556ebdd601031a233e4cb16295e587d","true","true","true",170,"true"
"94","flowable","flowable-engine","https://github.com/flowable/flowable-engine.git","test","true","WedDec1110:24:432019+0100",11959,1,15,371,"97ed29e8cef0ff145483133a3d85d5a60b16b1bd","true","true","false",NA,NA
"95","flowable","flowable-engine","https://github.com/flowable/flowable-engine.git","test","true","WedDec1110:24:432019+0100",11959,1,15,371,"97ed29e8cef0ff145483133a3d85d5a60b16b1bd","true","true","false",NA,NA
"96","gasches","micronaut-archetypes","https://github.com/gasches/micronaut-archetypes.git","test","true","ThuApr1109:44:012019+0300",37,1,1,2,"b7278a9bd6d2ffffba1943de125d817d0122408a","true","true","true",0,"true"
"97","gasches","micronaut-service-archetype","https://github.com/gasches/micronaut-service-archetype.git","test","true","ThuApr1109:44:012019+0300",37,1,1,2,"b7278a9bd6d2ffffba1943de125d817d0122408a","true","true","true",0,"true"
"98","GateNLP","gcp","https://github.com/GateNLP/gcp.git","test","true","MonJul2219:40:362019+0100",64,1,4,3,"fc7104ed778449fb3d4e32b7befa528e0beff6a6","true","true","true",0,"true"
"99","GoogleCloudPlatform","java-repo-tools","https://github.com/GoogleCloudPlatform/java-repo-tools.git","test","true","WedApr1714:54:052019-0700",164,1,14,12,"f0bcc77a53d85441cc354ff1c05399b286f3ecf9","true","true","true",0,"true"
"100","GoogleCloudPlatform","java-repo-tools","https://github.com/GoogleCloudPlatform/java-repo-tools.git","test","true","WedApr1714:54:052019-0700",164,1,14,12,"f0bcc77a53d85441cc354ff1c05399b286f3ecf9","true","true","true",0,"true"
"101","GoogleCloudPlatform","java-repo-tools","https://github.com/GoogleCloudPlatform/java-repo-tools.git","test","true","WedApr1714:54:052019-0700",164,1,14,12,"f0bcc77a53d85441cc354ff1c05399b286f3ecf9","true","true","true",0,"true"
"102","GoogleCloudPlatform","java-repo-tools","https://github.com/GoogleCloudPlatform/java-repo-tools.git","test","true","WedApr1714:54:052019-0700",164,1,14,12,"f0bcc77a53d85441cc354ff1c05399b286f3ecf9","true","true","true",0,"true"
"103","GoogleCloudPlatform","stackdriver-zipkin","https://github.com/GoogleCloudPlatform/stackdriver-zipkin.git","test","true","TueNov516:30:122019+0900",278,1,51,33,"42475899f69f7277ad6ceff0e67fb66c8c691731","true","true","false",NA,NA
"104","graphhopper","graphhopper","https://github.com/graphhopper/graphhopper.git","test","true","TueDec1008:48:492019+0100",5587,1,73,118,"874a4b086ec590d92868c56c3d3c40de88035ca8","true","true","true",0,"true"
"105","guusdk","httpfileuploadcomponent","https://github.com/guusdk/httpfileuploadcomponent.git","test","true","SunNov1714:45:282019+0100",45,1,6,4,"c87466637b15b4a6394f00769bafb83fe6239119","true","true","true",0,"true"
"106","guusdk","httpfileuploadcomponent","https://github.com/guusdk/httpfileuploadcomponent.git","test","true","SunNov1714:45:282019+0100",45,1,6,4,"c87466637b15b4a6394f00769bafb83fe6239119","true","true","true",0,"true"
"107","hadix-lin","springfox-plus","https://github.com/hadix-lin/springfox-plus.git","test","true","MonAug515:22:442019+0800",30,1,0,3,"cab7a551d7847f10328a808c234131e963f4e2bb","true","true","true",0,"true"
"108","home1-oss","oss-admin","https://github.com/home1-oss/oss-admin.git","test","true","MonSep1121:40:592017+0800",28,1,2,4,"a5935a0ff5397585a77f29ffb418b24e14e67f31","true","true","true",2,"true"
"109","home1-oss","oss-keygen","https://github.com/home1-oss/oss-keygen.git","test","true","MonSep1103:26:212017+0800",20,1,1,4,"81fb4525dbce35a620743cd1cd11900a052523fe","true","true","true",3,"true"
"110","home1-oss","oss-turbine","https://github.com/home1-oss/oss-turbine.git","test","true","ThuSep1423:50:292017+0800",22,1,2,4,"1df20070e2c021283522a2423fcf7661304f4249","true","true","true",0,"true"
"111","honnix","kheos","https://github.com/honnix/kheos.git","test","true","SatAug1120:20:112018+0200",158,1,6,3,"9820a6fd539c3f59c746b19c996a8a4f3140307f","true","true","true",207,"true"
"112","Hygieia","hygieia-build-jenkins-collector","https://github.com/Hygieia/hygieia-build-jenkins-collector.git","test","true","ThuDec518:06:272019-0500",92,1,2,32,"88ca26f63647de65fa6b1dbe09dcd9b6df7a156b","true","true","true",30,"true"
"113","icha024","spur","https://github.com/icha024/spur.git","test","true","FriNov1616:29:382018+0000",69,1,3,2,"0c85d4d0bbd70f95c82cab51b102f438c5a08542","true","true","true",0,"true"
"114","indeedeng","vowpal-wabbit-java","https://github.com/indeedeng/vowpal-wabbit-java.git","test","true","ThuJun2014:24:512019-0700",162,1,6,16,"0db83f8b251039a6bce0d2fcf7c40e339bf7453c","true","true","true",19,"true"
"115","ingenieux","beanstalker","https://github.com/ingenieux/beanstalker.git","test","true","SunSep2923:16:272019-0500",652,1,41,29,"6de4aa7c5710ae8d1e3546b1314e12321c2bc0b4","true","true","true",0,"true"
"116","ippontech","metrics-spark-receiver","https://github.com/ippontech/metrics-spark-receiver.git","test","true","MonDec2218:06:272014+0100",20,1,0,1,"e998960c2b23c5b3ee6f71e07ac2d118bb8f17eb","true","true","true",0,"true"
"117","ISAITB","template-messaging-service","https://github.com/ISAITB/template-messaging-service.git","test","true","ThuNov2114:04:122019+0100",16,1,8,2,"0d048c745700853640a2fc90f7939299a6327526","true","true","true",0,"true"
"118","ISAITB","template-validation-service","https://github.com/ISAITB/template-validation-service.git","test","true","WedDec1109:29:532019+0100",16,1,9,2,"8b6b8736a738bc9eeaf19097a7542b69858d9fa7","true","true","true",0,"true"
"119","IvoNet","javaee7-essentials-archetype","https://github.com/IvoNet/javaee7-essentials-archetype.git","test","true","TueFeb1908:51:532019+0100",16,1,3,3,"b873e67b77dd1e0056942bdca36143659d1c7832","true","true","true",0,"true"
"120","IvoNet","javaee8-essentials-archetype","https://github.com/IvoNet/javaee8-essentials-archetype.git","test","true","TueFeb1908:51:232019+0100",27,1,3,1,"58636f387190dc8d97be978a0253fafc2e319b53","true","true","true",0,"true"
"121","IvoNet","javaee8-payara-microprofile-archetype","https://github.com/IvoNet/javaee8-payara-microprofile-archetype.git","test","true","ThuAug2920:39:582019+0200",34,1,6,1,"169e3002e5e0b2978f360ac41196267893231515","true","true","true",0,"true"
"122","IxorTalk","ixortalk","https://github.com/IxorTalk/ixortalk.iot.client.git","test","true","SatMar3109:36:352018+0200",21,1,6,2,"e9a2185037dad7e70b946425e7ece35295962c41","true","true","true",0,"true"
"123","ixortalk","ixortalk-assetmgmt","https://github.com/ixortalk/ixortalk-assetmgmt.git","test","true","MonOct711:54:482019+0200",28,1,4,4,"9e95ebef78a751fb7fd4d81a9ffdbb902f04b1a7","true","true","false",NA,NA
"124","ixortalk","ixortalk-authorization-server","https://github.com/ixortalk/ixortalk-authorization-server.git","test","true","TueDec311:13:512019+0100",70,1,7,4,"7ffc08c37b728b6791ddd5bccca4484e027cb614","true","true","true",24,"true"
"125","ixortalk","ixortalk-authserver","https://github.com/ixortalk/ixortalk-authserver.git","test","true","FriDec612:12:002019+0100",139,1,23,6,"5c03209db45457a9de9aa3d905afff943d397619","true","true","true",76,"true"
"126","ixortalk","ixortalk-user-registration-api","https://github.com/ixortalk/ixortalk-user-registration-api.git","test","true","TueDec1015:44:172019+0100",44,1,8,3,"054f2f44131e00fc3c43c3af49639c0c39e42dea","true","true","true",18,"true"
"127","ixortalkadmin","ixortalk-mailing-service","https://github.com/ixortalkadmin/ixortalk-mailing-service.git","test","true","MonOct711:46:412019+0200",17,1,2,3,"5c7f045ae07f97fbfadb6265c55c647e2e8918c4","true","true","true",2,"true"
"128","ixortalkadmin","ixortalk-mongodb","https://github.com/ixortalkadmin/ixortalk-mongodb.git","test","true","MonJun416:58:432018+0200",9,1,1,2,"63becc24404f9b1b07ab0f787ee53a721d8052a9","true","true","true",0,"true"
"129","ixortalkadmin","ixortalk-prometheus","https://github.com/ixortalkadmin/ixortalk-prometheus.git","test","true","MonJun416:58:432018+0200",9,1,1,2,"0423ebfc860a3a85e44d08f21efffc7e94475604","true","true","true",0,"true"
"130","jamesdbloom","mockservice","https://github.com/jamesdbloom/mockservice.git","test","true","TueDec1013:03:092019+0000",2451,1,88,65,"3df1921ae97c58da767a45deb24c4e7c019e1756","true","true","true",0,"true"
"131","jaredpetersen","kafka-connect-arangodb","https://github.com/jaredpetersen/kafka-connect-arangodb.git","test","true","FriMar2900:32:432019-0600",42,1,4,3,"efff16360c80d3bc763312622eb817d00e6fb794","true","true","true",0,"true"
"132","jeqo","zipkin-storage-kafka","https://github.com/jeqo/zipkin-storage-kafka.git","test","true","SunDec818:35:402019+0900",231,1,24,7,"c84373ffb3bb37ccbbb48007a0418dd35bc8d3f5","true","true","false",NA,NA
"133","jetoile","hadoop-unit","https://github.com/jetoile/hadoop-unit.git","test","true","WedNov2715:53:442019+0100",386,1,24,7,"2013a2166f04cbc7e6d5fdaaaa9abcb1f74881ce","true","true","false",NA,NA
"134","jnidzwetzki","bboxdb","https://github.com/jnidzwetzki/bboxdb.git","test","true","TueDec1015:47:072019+0100",5770,1,48,7,"311eb2ac5bdb6d9fc31a6c16414c17ecae7bf158","true","true","false",NA,NA
"135","johnjcool","keycloak-cas-services","https://github.com/johnjcool/keycloak-cas-services.git","test","true","SatOct1919:05:042019+0200",104,1,9,7,"e0e64a67631952abeb5f4466efae07aac176859c","true","true","true",5,"true"
"136","jvermillard","leshan","https://github.com/jvermillard/leshan.git","test","true","ThuFeb1215:39:452015+0100",604,1,10,24,"0102b85786a1ea34cc023c82470e1dca0534d344","true","true","true",31,"true"
"137","jvermillard","leshan","https://github.com/jvermillard/leshan.git","test","true","ThuFeb1215:39:452015+0100",604,1,10,24,"0102b85786a1ea34cc023c82470e1dca0534d344","true","true","true",31,"true"
"138","kaazing","gateway","https://github.com/kaazing/gateway.client.ios.common.git","test","true","FriMay2914:38:112015-0700",38,1,3,9,"5a9b28e7fb714d68584f6456bcc1f65e4fe622f7","true","true","true",0,"true"
"139","kaazing","gateway","https://github.com/kaazing/gateway.client.java.internal.git","test","true","WedMay2015:14:332015-0700",103,1,10,13,"eef87ded0745a5be475b74f8ea69f50d3472605c","true","true","true",179,"true"
"140","kaazing","gateway","https://github.com/kaazing/gateway.client.ios.common.git","test","true","FriMay2914:38:112015-0700",38,1,3,9,"5a9b28e7fb714d68584f6456bcc1f65e4fe622f7","true","true","true",0,"true"
"141","kaazing","gateway","https://github.com/kaazing/gateway.client.java.internal.git","test","true","WedMay2015:14:332015-0700",103,1,10,13,"eef87ded0745a5be475b74f8ea69f50d3472605c","true","true","true",179,"true"
"142","KengoTODA","guava-helper-for-java-8","https://github.com/KengoTODA/guava-helper-for-java-8.git","test","true","ThuNov705:04:492019+0800",152,1,9,5,"2e6cef047439f929a562a8fcaa61fd67b182c981","true","true","true",27,"true"
"143","kermitt2","grobid","https://github.com/kermitt2/grobid.git","test","true","ThuDec510:43:322019+0100",1973,1,21,55,"215c3357799aa99b9059f4afb378e242b7360ff5","true","true","false",NA,NA
"144","kermitt2","grobid","https://github.com/kermitt2/grobid.git","test","true","ThuDec510:43:322019+0100",1973,1,21,55,"215c3357799aa99b9059f4afb378e242b7360ff5","true","true","false",NA,NA
"145","kmi","sws-test-collections","https://github.com/kmi/sws-test-collections.git","test","true","WedNov1216:45:282014+0000",22,1,2,1,"00edfda5b5bf0c320e259bf532bcd6bebcd0449b","true","true","true",0,"true"
"146","kubernetes-client","java","https://github.com/kubernetes-client/java.git","test","true","TueDec1015:50:062019-0800",743,1,18,76,"d94b271a7dc9636d1b5d930b047b94273b58aa83","true","true","true",0,"true"
"147","lifs-tools","jmztab-m","https://github.com/lifs-tools/jmztab-m.git","test","true","WedSep1120:08:072019+0200",273,1,10,5,"3bb1ad5adfe40abf7ef69be02292caf224551034","true","true","true",0,"true"
"148","llorllale","youtrack-api","https://github.com/llorllale/youtrack-api.git","test","true","WedDec1910:52:052018-0400",332,1,7,4,"f4f4f10737c7a83d005386e6ee0f8fa0d1361acf","true","true","true",133,"true"
"149","making","shared-mysql-service-broker","https://github.com/making/shared-mysql-service-broker.git","test","true","ThuSep2004:26:112018+0000",57,1,5,4,"914af25ff7f18b8633c60714dd8f106a87cbb152","true","true","false",NA,NA
"150","manorrock","calico","https://github.com/manorrock/calico.git","test","true","MonOct2116:25:292019-0600",67,1,10,2,"e40c26e5486cc416228a045e0c778028f3b60d78","true","true","true",4,"true"
"151","manywho","service-archetype","https://github.com/manywho/service-archetype.git","test","true","FriSep2111:59:372018+0100",20,1,1,2,"5026b4f406ce3c2c9da2670edac696bfa2bdb0f1","true","true","true",0,"true"
"152","manywho","service-archetype","https://github.com/manywho/service-archetype.git","test","true","FriSep2111:59:372018+0100",20,1,1,2,"5026b4f406ce3c2c9da2670edac696bfa2bdb0f1","true","true","true",0,"true"
"153","meertensinstituut","mtas","https://github.com/meertensinstituut/mtas.git","test","true","FriSep2817:24:022018+0200",632,1,51,7,"33b123da93e52846de65aff51a3cb6d66ed80bf5","true","true","true",0,"true"
"154","membrane","service-proxy","https://github.com/membrane/service-proxy.git","test","true","MonDec909:18:042019+0100",2876,1,50,39,"b8e9627383d43fdf89cea90dc9d599c6fe8e2fcb","true","true","false",NA,NA
"155","Mercateo","factcast-rest-jersey","https://github.com/Mercateo/factcast-rest-jersey.git","test","true","ThuOct2521:58:202018+0200",20,1,3,3,"506f22d733bbbd2a36d25ce77266b4811764cb1c","true","true","true",0,"true"
"156","minijax","minijax","https://github.com/minijax/minijax.git","test","true","FriNov2213:43:492019-0800",645,1,73,2,"6321444ec47dba93a837ea335fd6423760794c9a","true","true","false",NA,NA
"157","monowai","flockdata","https://github.com/monowai/flockdata.org.git","test","true","SunJul2821:42:492019+0700",5055,1,9,16,"a88905e808a22a2c10d4aba839b6dc9e95a0758a","true","true","false",NA,NA
"158","mwiede","metrics-feign","https://github.com/mwiede/metrics-feign.git","test","true","WedJun513:09:312019+0000",37,1,3,5,"24965b02eedcf9d8faf38edcf4ceaab6fd83276f","true","true","true",19,"true"
"159","myunusov","maxur-base","https://github.com/myunusov/maxur-base.git","test","true","SatJul816:22:502017+0600",200,1,3,7,"ad0296cf07f85f2bc0b6872e17a20f103d39db6c","true","true","true",0,"true"
"160","neatlife","jframework","https://github.com/neatlife/jframework.git","test","true","SatJul2718:24:352019+0800",117,1,9,4,"5ae271c730c334f752867f812ea14f243073248f","true","true","false",NA,NA
"161","nielsbasjes","prefixmap","https://github.com/nielsbasjes/prefixmap.git","test","true","FriMay1008:29:492019+0200",29,1,2,1,"3c5dafb56e77d5bc97d9578b6089ed285990b8b9","true","true","true",32,"true"
"162","nielsbasjes","yauaa","https://github.com/nielsbasjes/yauaa.git","test","true","WedDec1116:09:392019+0000",1656,1,49,12,"b65efacc648d51c62eb4b1a4989cb5f719f87f42","true","true","false",NA,NA
"163","nirima","jDocker","https://github.com/nirima/jDocker.git","test","true","FriOct318:51:262014+0100",123,1,11,12,"f65ef919d8c99dac41f307b25e7145d3c4c770f2","true","true","false",NA,NA
"164","nlighten","wildfly_exporter","https://github.com/nlighten/wildfly_exporter.git","test","true","SunOct611:54:312019+0200",30,1,4,5,"d8a27e9653e106629492a83dbf5049b488ad63db","true","true","false",NA,NA
"165","NLPIE","BioMedICUS","https://github.com/NLPIE/BioMedICUS.git","test","true","ThuMay1617:01:412019-0500",334,1,11,7,"49b56ef17f4dfb2e7200dc8aed4cc816ffa1087b","true","true","true",0,"true"
"166","OA-PASS","pass-authz","https://github.com/OA-PASS/pass-authz.git","test","true","MonNov1116:02:362019-0500",182,1,17,10,"bbe1ced9413c7b7af01ebcf784e0eba126dde110","true","true","false",NA,NA
"167","ontodev","robot","https://github.com/ontodev/robot.git","test","true","WedDec408:54:462019-0500",1269,1,10,31,"7787ce50cefaa00e263588b747ad4c9eb05c0ec3","true","true","true",118,"true"
"168","openapitools","openapi-generator","https://github.com/openapitools/openapi-generator.git","test","true","WedDec1114:04:152019+0800",14242,1,52,1610,"f9662e0eff68ad7fc31899560ab21dbc559d7068","true","true","true",0,"true"
"169","openfact","openfact","https://github.com/openfact/openfact.git","test","true","ThuMay1011:05:552018-0500",1441,1,61,10,"ea66a37c70e981ac9eaa1ab3ead4e95ef2280764","true","true","true",0,"true"
"170","opengeospatial","ets-archetype-testng","https://github.com/opengeospatial/ets-archetype-testng.git","test","true","MonAug1910:48:462019-0400",80,1,8,6,"26d617f1fb3f45f54db7a27b532f57a5dd01e06d","true","true","true",0,"true"
"171","opengeospatial","ets-archetype-testng","https://github.com/opengeospatial/ets-archetype-testng.git","test","true","MonAug1910:48:462019-0400",80,1,8,6,"26d617f1fb3f45f54db7a27b532f57a5dd01e06d","true","true","true",0,"true"
"172","opengeospatial","ets-cat20-dgiwg10","https://github.com/opengeospatial/ets-cat20-dgiwg10.git","test","true","FriMay3107:10:192019-0400",131,1,3,8,"3256e8914c64f3b5d67715e7d9a4b4c8a2c62e14","true","true","true",39,"true"
"173","opengeospatial","ets-gpkg12","https://github.com/opengeospatial/ets-gpkg12.git","test","true","WedApr2410:55:232019+0200",284,1,8,17,"4c0fcd0d1fb905dd62e931f411a825c3d19c36b2","true","true","true",29,"true"
"174","opengeospatial","ets-swecommon20","https://github.com/opengeospatial/ets-swecommon20.git","test","true","MonAug1904:55:122019-0400",65,1,5,6,"849cc0be593870bc7a914fe63d3fb105c7cd88af","true","true","true",0,"true"
"175","opengeospatial","ets-swecommon20","https://github.com/opengeospatial/ets-swecommon20.git","test","true","MonAug1904:55:122019-0400",65,1,5,6,"849cc0be593870bc7a914fe63d3fb105c7cd88af","true","true","true",0,"true"
"176","OpenVidu","openvidu","https://github.com/OpenVidu/openvidu.git","test","true","TueDec1017:53:262019+0100",1367,1,25,15,"847bac38121c48f1e0868c9d833a3c7c3837c692","true","true","false",NA,NA
"177","openzipkin","zipkin-gcp","https://github.com/openzipkin/zipkin-gcp.git","test","true","TueNov516:30:122019+0900",278,1,51,33,"42475899f69f7277ad6ceff0e67fb66c8c691731","true","true","false",NA,NA
"178","Orange-OpenSource","fiware-cepheus","https://github.com/Orange-OpenSource/fiware-cepheus.git","test","true","WedSep1214:00:032018+0200",572,1,11,15,"bd3fe2645e43a47830ebb1374d7e3fb8610ac7ba","true","true","true",236,"true"
"179","OrienteerBAP","Orienteer","https://github.com/OrienteerBAP/Orienteer.git","test","true","FriNov1516:37:152019-0800",2097,1,5,19,"651a22b5d8e5a05c18b24ab80fbf62f78546f3f1","true","true","true",0,"true"
"180","paradoxical-io","dropwizard","https://github.com/paradoxical-io/dropwizard.swagger.git","test","true","WedOct2613:40:002016-0700",74,1,9,7,"cc5eda38da6f04cac39525e43fc36b121d571c5e","true","true","true",1,"true"
"181","PatrIoT-Framework","docker-network-simulator","https://github.com/PatrIoT-Framework/docker-network-simulator.git","test","true","FriOct2518:58:392019+0200",33,1,2,4,"8fcea2ff430edc8a6a831a9e1e08b53e34f07d8a","true","true","false",NA,NA
"182","phillip-kruger","microprofile-demo","https://github.com/phillip-kruger/microprofile-demo.git","test","true","TueNov2620:47:312019+0200",94,1,0,4,"9c8d67cffd7f851c3bbd74d0c7e6c73dbd11e959","true","true","true",0,"true"
"183","pinterest","doctorkafka","https://github.com/pinterest/doctorkafka.git","test","true","FriSep2717:38:042019-0700",181,1,8,25,"95aee8f55e69b365f2fb6dd1f47886a2438b64ed","true","true","true",0,"true"
"184","piotr-kalanski","kafka-admin-rest","https://github.com/piotr-kalanski/kafka-admin-rest.git","test","true","MonFeb510:32:082018+0100",11,1,0,3,"67f0871d6bc77493538a47cd0955e1ed4b44ef4e","true","true","true",0,"true"
"185","PiotrRaszkowski","spring-boot-full-microservice-archetype","https://github.com/PiotrRaszkowski/spring-boot-full-microservice-archetype.git","test","true","WedApr315:00:542019+0200",2,1,0,1,"d0c6e26cbfc1708833f7d196bedf86b9d15b4a8b","true","true","true",0,"true"
"186","pip-services-java","pip-services-commons-java","https://github.com/pip-services-java/pip-services-commons-java.git","test","true","WedJul3116:53:262019-0700",72,1,3,5,"9cbbfbdbc024c5e402d592f7736d82253977b64b","true","true","true",0,"true"
"187","pip-services-java","pip-services-container-java","https://github.com/pip-services-java/pip-services-container-java.git","test","true","MonNov522:24:132018+0300",27,1,1,4,"71b5a91783048cfc91a6670106f3a5d3b40548ad","true","true","true",0,"true"
"188","pip-services-java","pip-services-data-java","https://github.com/pip-services-java/pip-services-data-java.git","test","true","MonNov522:18:292018+0300",30,1,2,4,"1f0754df405c5b7fff3b0fb706ec050008fd8524","true","true","true",0,"true"
"189","pip-services-java","pip-services-messages-java","https://github.com/pip-services-java/pip-services-messages-java.git","test","true","MonNov523:11:392018+0300",21,1,1,4,"c9edc0096d05a7f6ec2652a7b4cce7ae15562519","true","true","true",0,"true"
"190","pip-services-java","pip-services-mongodb-java","https://github.com/pip-services-java/pip-services-mongodb-java.git","test","true","MonNov523:12:582018+0300",21,1,2,4,"b506dde8e81c3dffd8411ba5411cc963f7424351","true","true","false",NA,NA
"191","pip-services3-java","pip-services3-commons-java","https://github.com/pip-services3-java/pip-services3-commons-java.git","test","true","WedJul3116:53:262019-0700",72,1,3,5,"9cbbfbdbc024c5e402d592f7736d82253977b64b","true","true","true",0,"true"
"192","pip-services3-java","pip-services3-container-java","https://github.com/pip-services3-java/pip-services3-container-java.git","test","true","MonNov522:24:132018+0300",27,1,1,4,"71b5a91783048cfc91a6670106f3a5d3b40548ad","true","true","true",0,"true"
"193","pip-services3-java","pip-services3-data-java","https://github.com/pip-services3-java/pip-services3-data-java.git","test","true","MonNov522:18:292018+0300",30,1,2,4,"1f0754df405c5b7fff3b0fb706ec050008fd8524","true","true","true",0,"true"
"194","pip-services3-java","pip-services3-mongodb-java","https://github.com/pip-services3-java/pip-services3-mongodb-java.git","test","true","MonNov523:12:582018+0300",21,1,2,4,"b506dde8e81c3dffd8411ba5411cc963f7424351","true","true","false",NA,NA
"195","pjgg","radioactiveMongoTemplate","https://github.com/pjgg/radioactiveMongoTemplate.git","test","true","ThuMay2612:06:082016+0200",38,1,0,2,"768c77cd923ac4a5acb53fc28e0cd71424df8882","true","true","false",NA,NA
"196","prestosql","benchto","https://github.com/prestosql/benchto.git","test","true","TueJul2320:27:132019-0700",360,1,5,21,"9d41f9d15e0a44bc5ea5c9511a33b66dd60bd495","true","true","false",NA,NA
"197","pro-crafting","jsonpretty","https://github.com/pro-crafting/jsonpretty.git","test","true","SunOct2021:46:412019+0200",21,1,4,1,"357da792abf8a1f0505582cd01c9ca394d76460b","true","true","true",0,"true"
"198","pro-crafting","record-jar-converter","https://github.com/pro-crafting/record-jar-converter.git","test","true","ThuMay3022:38:102019+0200",86,1,10,1,"353bb9dea149756d55d44e96a6fd3ac01dcea1ab","true","true","true",0,"true"
"199","pulsarIO","jetstream","https://github.com/pulsarIO/jetstream.git","test","true","WedSep1615:08:002015-0700",102,1,2,14,"1cc70f67379f1fc6c8275d7e9ccc04e88afa42e6","true","true","false",NA,NA
"200","pulsarIO","realtime-analytics","https://github.com/pulsarIO/realtime-analytics.git","test","true","FriNov612:29:182015+0800",69,1,3,9,"3b1a82736fcf209978c07e95d01577d567346fa4","true","true","true",9,"true"
"201","qq275860560","common","https://github.com/qq275860560/common.git","test","true","TueNov1214:12:452019+0800",79,1,0,4,"64e7e215260ac24a0683a66cd6dfa7ad45151c0b","true","true","true",21,"true"
"202","qwazr","graph","https://github.com/qwazr/graph.git","test","true","TueNov1323:38:562018+0000",148,1,4,1,"01f9f57b3f6d5ae528297f8de813d189e4b30b1f","true","true","false",NA,NA
"203","qwazr","link","https://github.com/qwazr/link.git","test","true","WedMar1300:02:192019+0000",25,1,1,1,"39d93d431706bc7b26765c8e66f7e3ac15e8a521","true","true","true",0,"true"
"204","qwazr","scheduler","https://github.com/qwazr/scheduler.git","test","true","FriFeb2208:15:512019+0000",104,1,5,1,"92d8fc778912fdf202ddecb5a4c7078f4e4b9411","true","true","true",0,"true"
"205","qwazr","scripts","https://github.com/qwazr/scripts.git","test","true","MonFeb2500:04:032019+0000",144,1,5,1,"5bdbc315868d8ea6a0c2e1c2de6e340fd3b4ee7f","true","true","true",0,"true"
"206","qwazr","scripts","https://github.com/qwazr/scripts.git","test","true","MonFeb2500:04:032019+0000",144,1,5,1,"5bdbc315868d8ea6a0c2e1c2de6e340fd3b4ee7f","true","true","true",0,"true"
"207","qzagarese","dockerunit","https://github.com/qzagarese/dockerunit.git","test","true","TueJul915:52:552019+0100",78,1,5,7,"18d2ebda9f6aaadebbdb6068788a691a4aa93775","true","true","true",0,"true"
"208","rackerlabs","blueflood","https://github.com/rackerlabs/blueflood.git","test","true","MonJun408:10:212018-0500",3183,1,15,61,"8b21074866bf546e466c9571d86132e12246969c","true","true","true",235,"true"
"209","radanalyticsio","spark-operator","https://github.com/radanalyticsio/spark-operator.git","test","true","ThuNov2815:01:252019+0100",776,1,22,15,"25f203e693b7a09e68a8e2d51e31501ef7c30d14","true","true","true",6,"true"
"210","RedRoma","banana-application-service","https://github.com/RedRoma/banana-application-service.git","test","true","TueSep2506:51:182018-0700",305,1,4,7,"9e91f9672c8e8e0c8377c51723fc87ff88b0d0c5","true","true","false",NA,NA
"211","release-engineering","koji-build-finder","https://github.com/release-engineering/koji-build-finder.git","test","true","MonDec914:11:382019-0500",275,1,6,9,"6f579652d5fd8b3462541fbce0be28145a4ad27a","true","true","true",0,"true"
"212","rnorth","test-containers","https://github.com/rnorth/test-containers.git","test","true","SatDec714:32:102019+0000",1830,1,72,222,"7f7fe80771ae0979f4951cfea3847446779f15cc","true","true","false",NA,NA
"213","roboconf","roboconf-platform","https://github.com/roboconf/roboconf-platform.git","test","true","ThuSep518:26:352019+0200",1319,1,11,18,"81d2f5b2f2129dfea5e0cdc6910b2d1b8ce029cc","true","true","false",NA,NA
"214","robrua","easy-bert","https://github.com/robrua/easy-bert.git","test","true","ThuOct2410:15:172019-0400",25,1,4,1,"4c796bd9f4e2d9663820fc239828e9755c60dd04","true","true","true",0,"true"
"215","RohanNagar","thunder","https://github.com/RohanNagar/thunder.git","test","true","MonDec911:06:042019-0800",735,1,13,11,"75f141e62026b128144fd8eebf4d061f13ad5cec","true","true","true",0,"true"
"216","s-case","asset-registry","https://github.com/s-case/asset-registry.git","test","true","WedDec709:42:102016+0100",226,1,9,6,"e536d976cff300cc215eb9d0c725d8b2445c1ce4","true","true","true",7,"true"
"217","SaiprasadKrishnamurthy","stubble","https://github.com/SaiprasadKrishnamurthy/stubble.git","test","true","MonSep2119:00:412015+0100",15,1,0,3,"85b784c0b12f027f49dbedb097c920a709da0fdb","true","true","true",6,"true"
"218","sakserv","hadoop-mini-clusters","https://github.com/sakserv/hadoop-mini-clusters.git","test","true","TueJan2207:13:172019-0700",394,1,32,13,"7b2eb871ca662646a7dbc90c042c8f2a196fc3b6","true","true","false",NA,NA
"219","salesforce","Argus","https://github.com/salesforce/Argus.git","test","true","WedAug2111:04:422019-0400",3344,1,20,86,"ad2c2efe729d1b9ec24e066e4a47ec352a502136","true","true","false",NA,NA
"220","scalecube","scalecube","https://github.com/scalecube/scalecube.git","test","true","ThuDec514:30:432019+0200",4681,1,89,53,"0395efd1a946458d0b1b005b4db5543939ffb421","true","true","true",0,"true"
"221","scalecube","scalecube-seed","https://github.com/scalecube/scalecube-seed.git","test","true","ThuOct3121:11:002019+0000",215,1,21,13,"0c85b625510f3c9cc066a07b3ffb763acdc66a0e","true","true","true",0,"true"
"222","schemacrawler","SchemaCrawler","https://github.com/schemacrawler/SchemaCrawler.git","test","true","TueDec1007:31:042019+0530",5413,1,103,6,"aa74502c41f78f567483257426e394d9d0f71c8e","true","true","true",0,"true"
"223","shrinkwrap","resolver","https://github.com/shrinkwrap/resolver.git","test","true","WedFeb2116:13:522018+0100",566,1,47,47,"c3f6fcd1c49d6444fe4e9280bbf7be334ed1f3dc","true","true","false",NA,NA
"224","simplyti","simple-server","https://github.com/simplyti/simple-server.git","test","true","MonDec922:06:472019+0100",217,1,9,5,"c41a44d177ff6b0c1bdc06be62fbfff048b9dcee","true","true","true",0,"true"
"225","sivalabs","spring-boot-java-basic-archetype","https://github.com/sivalabs/spring-boot-java-basic-archetype.git","test","true","ThuMar1419:17:252019+0100",10,1,1,2,"faf7d6746d334186218ccf706d344e32a61a7bd4","true","true","true",0,"true"
"226","sivalabs","spring-boot-java-rest-api-archetype","https://github.com/sivalabs/spring-boot-java-rest-api-archetype.git","test","true","ThuMar1419:56:092019+0100",8,1,1,2,"db659484d1c647481a1ab9acf77aa7906aba400b","true","true","true",0,"true"
"227","sivalabs","spring-boot-java-rest-api-archetype","https://github.com/sivalabs/spring-boot-java-rest-api-archetype.git","test","true","ThuMar1419:56:092019+0100",8,1,1,2,"db659484d1c647481a1ab9acf77aa7906aba400b","true","true","true",0,"true"
"228","sivalabs","spring-boot-kotlin-basic-archetype","https://github.com/sivalabs/spring-boot-kotlin-basic-archetype.git","test","true","ThuMar1421:13:162019+0100",7,1,1,2,"bdfe61faef390b013b855f5d43871b335f9d9726","true","true","true",0,"true"
"229","sivalabs","spring-boot-maven-archetypes","https://github.com/sivalabs/spring-boot-maven-archetypes.git","test","true","FriMar1510:29:352019+0100",25,1,1,4,"09bac089fb485e1ef41b2b2702f22687738c4516","true","true","true",0,"true"
"230","sivalabs","spring-boot-maven-archetypes","https://github.com/sivalabs/spring-boot-maven-archetypes.git","test","true","FriMar1510:29:352019+0100",25,1,1,4,"09bac089fb485e1ef41b2b2702f22687738c4516","true","true","true",0,"true"
"231","slimish","kinesit","https://github.com/slimish/kinesit.git","test","true","SunDec1717:05:052017+0100",26,1,4,2,"32c51c2569b8fbf7c74c3db9679de88bf00fd992","true","true","true",0,"true"
"232","SmartDataAnalytics","Sparqlify","https://github.com/SmartDataAnalytics/Sparqlify.git","test","true","FriNov2918:58:332019+0100",751,1,32,12,"a815c16ee301284d3ec141f8cf90c51d5926aa02","true","true","true",68,"true"
"233","SmartDataAnalytics","Sparqlify","https://github.com/SmartDataAnalytics/Sparqlify.git","test","true","FriNov2918:58:332019+0100",751,1,32,12,"a815c16ee301284d3ec141f8cf90c51d5926aa02","true","true","true",68,"true"
"234","SMARTRACTECHNOLOGY","smartcosmos-edge-user-devkit","https://github.com/SMARTRACTECHNOLOGY/smartcosmos-edge-user-devkit.git","test","true","MonFeb615:27:422017+0100",449,1,1,10,"0957cf71b071c208b68bca7de95c7e43293ce8d2","true","true","true",72,"true"
"235","smoketurner","pipeline","https://github.com/smoketurner/pipeline.git","test","true","TueMay2106:54:442019-0400",205,1,3,4,"146f9fb88a9657cc759af8039b44e60d956aac08","true","true","true",39,"true"
"236","smoketurner","uploader","https://github.com/smoketurner/uploader.git","test","true","TueMay2106:54:262019-0400",207,1,1,4,"19bd4a519abaa9b2c582938a6854a0ca3ae9aa84","true","true","true",14,"true"
"237","smolok","smolok","https://github.com/smolok/smolok.git","test","true","WedFeb809:49:022017+0100",738,1,12,4,"06bf5aff4bdc1e4010f63decdb5e90f677a36b32","true","true","false",NA,NA
"238","solita","clamav-java","https://github.com/solita/clamav-java.git","test","true","TueAug2313:04:212016+0300",32,1,0,3,"4ff23d37fb0763862db76f2f3389f3e45e80dd09","true","true","false",NA,NA
"239","SonarSource","sonar-clover","https://github.com/SonarSource/sonar-clover.git","test","true","FriSep2721:31:472019+0200",113,1,5,21,"da7d34589e8cf9a7f740ec366951c4176d8f8c8d","true","true","true",0,"true"
"240","spotify","docker-client","https://github.com/spotify/docker-client.git","test","true","SunJun3013:29:192019-0400",1865,1,166,179,"99c72a4414b8a07a256965d7759a8b933c4bf16e","true","true","false",NA,NA
"241","spotify","docker-maven-plugin","https://github.com/spotify/docker-maven-plugin.git","test","true","WedSep1121:25:002019-0400",928,1,310,50,"6dd542b668591cad8915f47667dcf37352161847","true","true","true",59,"true"
"242","spotify","dockerfile-maven","https://github.com/spotify/dockerfile-maven.git","test","true","WedOct1608:09:052019-0400",204,1,25,41,"98bb1344fad501f2f10543a569a02ef247158134","true","true","true",0,"true"
"243","spotify","hype","https://github.com/spotify/hype.git","test","true","FriMar2313:37:202018-0400",188,1,18,9,"35d91905717b834ccd0ce90c7ea4bfca1d02f211","true","true","true",9,"true"
"244","spring-cloud","spring-cloud-dataflow","https://github.com/spring-cloud/spring-cloud-dataflow.git","test","true","TueDec1011:47:532019-0500",2678,1,75,98,"e95cabf6b940a3ffe2f706c29c380402c433fbd9","true","true","false",NA,NA
"245","spring-projects","spring-session-mongodb","https://github.com/spring-projects/spring-session-mongodb.git","test","true","TueOct1520:23:382019-0500",890,1,29,66,"1ca0d308173069225eafc227c630a5df5db3b909","true","true","false",NA,NA
"246","SpringSource","spring-data-mongodb","https://github.com/SpringSource/spring-data-mongodb.git","test","true","WedDec414:32:452019+0100",4647,1,157,138,"a4cb0d643235b86a67d9f3e79561e2650698f726","true","true","false",NA,NA
"247","squedgy","query-construction","https://github.com/squedgy/query-construction.git","test","true","ThuMar2815:40:412019-0500",37,1,0,2,"b986018534856eeb32e70dd763b9a1c1fc7248fb","true","true","false",NA,NA
"248","stevespringett","nist-data-mirror","https://github.com/stevespringett/nist-data-mirror.git","test","true","SunNov1719:55:052019-0600",121,1,6,16,"a316e62c9ae3d20a859a118c1e37135d891a7dab","true","true","true",0,"true"
"249","streampipes","streampipes-ce","https://github.com/streampipes/streampipes-ce.git","test","true","SunDec820:22:282019+0100",4771,1,9,20,"80fb1bc814a9aa6d5add82dd94137d640400cf6d","true","true","true",47,"true"
"250","sualeh","SchemaCrawler","https://github.com/sualeh/SchemaCrawler.git","test","true","TueDec1007:31:042019+0530",5413,1,103,6,"aa74502c41f78f567483257426e394d9d0f71c8e","true","true","true",0,"true"
"251","swagger-api","swagger-codegen","https://github.com/swagger-api/swagger-codegen.git","test","true","SunDec816:49:412019-0500",12176,1,49,1201,"92f358b8ad6c416fdfee3dd93630edbb73ac7c95","true","true","true",0,"true"
"252","sysunite","coins-2-validator","https://github.com/sysunite/coins-2-validator.git","test","true","ThuMar1417:52:202019+0100",285,1,14,3,"fde37768bd00296f4ce07970b3d57ff75fcbcb86","true","true","false",NA,NA
"253","sysunite","coins-2-validator","https://github.com/sysunite/coins-2-validator.git","test","true","ThuMar1417:52:202019+0100",285,1,14,3,"fde37768bd00296f4ce07970b3d57ff75fcbcb86","true","true","false",NA,NA
"254","tascape","reactor-report","https://github.com/tascape/reactor-report.git","test","true","WedNov2711:41:512019-0800",213,1,1,5,"26231428220586ea10dca7bd14946da2b03fc053","true","true","true",0,"true"
"255","tblsoft","solr-cmd-utils","https://github.com/tblsoft/solr-cmd-utils.git","test","true","WedDec417:28:342019+0100",565,1,15,14,"9944d436e519c18cd07f65b1ddedf61c0c734ee7","true","true","true",150,"true"
"256","telefonicaid","netphony-pce","https://github.com/telefonicaid/netphony-pce.git","test","true","TueDec1315:29:412016+0100",282,1,4,28,"c8b50ef747264d97849efdfe1801f8cbf9b89a7a","true","true","true",7,"true"
"257","textexploration","mtas","https://github.com/textexploration/mtas.git","test","true","WedJun519:37:382019+0200",659,1,30,6,"929b13d7abbd2e80dddcadc6bb1cedbd280eb992","true","true","true",0,"true"
"258","ThStock","docker-java-parser","https://github.com/ThStock/docker-java-parser.git","test","true","ThuAug1521:55:012019+0200",40,1,2,2,"fcce41ef305d0aa9fd6c62dfdceb85ce06405ad1","true","true","true",69,"true"
"259","toop4eu","toop-commander","https://github.com/toop4eu/toop-commander.git","test","true","MonDec912:07:462019+0100",153,1,7,7,"be6d6fd5722bc539d3919152dc951ffe9a09c1d5","true","true","true",0,"true"
"260","traviscrawford","spark-dynamodb","https://github.com/traviscrawford/spark-dynamodb.git","test","true","ThuJan1016:31:482019-0800",72,1,13,10,"e63f0d7375420ed871f6368780bfae8172d7a460","true","true","true",0,"true"
"261","TsingJyujing","lofka","https://github.com/TsingJyujing/lofka.git","test","true","SatOct500:29:302019+0900",83,1,0,7,"9783fc261d4c3139c730dd08e4734fa0d799602d","true","true","true",0,"true"
"262","uber","uReplicator","https://github.com/uber/uReplicator.git","test","true","MonDec212:24:142019-0800",198,1,1,25,"629e3a9e24435b823f1f91c72c8eafbc1bc87d2a","true","true","true",17,"false"
"263","ukwa","warc-discovery","https://github.com/ukwa/warc-discovery.git","test","true","FriNov2213:26:302019+0000",1405,1,12,28,"afec38c625bda700a5b6dd176cf74e7108130e62","true","true","true",50,"true"
"264","uPortal-Project","uportal-home","https://github.com/uPortal-Project/uportal-home.git","test","true","TueAug2707:34:572019-0500",2855,1,88,43,"413fe9164d5aa4a20bc950f74656c3751c6423ee","true","true","true",0,"true"
"265","UW-Madison-DoIT","angularjs-portal","https://github.com/UW-Madison-DoIT/angularjs-portal.git","test","true","TueAug2707:34:572019-0500",2855,1,88,43,"413fe9164d5aa4a20bc950f74656c3751c6423ee","true","true","true",0,"true"
"266","v5analytics","vertexium","https://github.com/v5analytics/vertexium.git","test","true","TueDec1010:14:422019-0500",1367,1,88,26,"575b904eea0c4fe584521676400df4639cdd88f0","true","true","true",0,"true"
"267","vert-x3","vertx-stack","https://github.com/vert-x3/vertx-stack.git","test","true","FriDec615:08:462019+0100",475,1,46,22,"4ab67070be22bfcea77a760ebfaad6614e5ac556","true","true","true",51,"true"
"268","vincentrussell","nexus3-x509-dn-security-plugin","https://github.com/vincentrussell/nexus3-x509-dn-security-plugin.git","test","true","SatMay2513:19:232019-0400",20,1,2,1,"806f99c449f32596350678afc15a10ee57fa292d","true","true","true",12,"true"
"269","vipshop","Saturn","https://github.com/vipshop/Saturn.git","test","true","MonDec214:22:432019+0800",2528,1,27,34,"639dace8fdfdd80785fa7f375a0ee5d8bb60465f","true","true","true",217,"true"
"270","VirtusLab","unedifact","https://github.com/VirtusLab/unedifact.git","test","true","SatDec2016:41:352014+0000",41,1,2,6,"c881e511b63bf2a18b8012242d0001d66100725f","true","true","true",0,"true"
"271","walmartlabs","bigben","https://github.com/walmartlabs/bigben.git","test","true","MonJul2211:39:342019-0700",414,1,2,25,"7f221feddba35c82b265d6793fc7b1aed4aff511","true","true","true",0,"true"
"272","WebGoat","WebGoat","https://github.com/WebGoat/WebGoat.git","test","true","TueDec1012:14:212019+0100",2391,1,30,147,"04ccf9a422eb59a4ad175427d872e4df975b4042","true","true","true",99,"true"
"273","wildfly-extras","wildfly-camel","https://github.com/wildfly-extras/wildfly-camel.git","test","true","WedDec1107:46:592019+0000",1638,1,35,25,"5c38f67990bc9127b9c3f7daba1f13d381526272","true","true","false",NA,NA
"274","wizzie-io","normalizer","https://github.com/wizzie-io/normalizer.git","test","true","FriFeb110:00:222019+0100",1024,1,24,14,"a69b7c015502797abc7913b892529676baae06da","true","true","false",NA,NA
"275","wordnik","swagger-codegen","https://github.com/wordnik/swagger-codegen.git","test","true","SunDec816:49:412019-0500",12176,1,49,1201,"92f358b8ad6c416fdfee3dd93630edbb73ac7c95","true","true","true",0,"true"
"276","wso2","analytics-is","https://github.com/wso2/analytics-is.git","test","true","ThuOct1701:04:242019+0000",1621,1,101,86,"2ba1041a45bccd7db50a0172802604c37348758e","true","true","true",0,"true"
"277","wso2","micro-integrator","https://github.com/wso2/micro-integrator.git","test","true","ThuDec1209:33:242019+0530",2274,1,15,67,"f6318adafa4416ea28b9eab836588f057c4acd74","true","true","true",0,"false"
"278","wso2","micro-integrator","https://github.com/wso2/micro-integrator.git","test","true","ThuDec1209:33:242019+0530",2274,1,15,67,"f6318adafa4416ea28b9eab836588f057c4acd74","true","true","true",0,"false"
"279","wso2","msf4j","https://github.com/wso2/msf4j.git","test","true","WedSep1115:16:542019+0000",2556,1,52,90,"3bcb377319b05161918b30bac6845b815568d7da","true","true","true",540,"true"
"280","xuxueli","xxl-conf","https://github.com/xuxueli/xxl-conf.git","test","true","TueNov2618:40:322019+0800",421,1,13,11,"ec9ed27b8fdb5fa403ef096d000229d59b4eeddf","true","true","true",0,"true"
"281","ydespreaux","spring-data-elasticsearch-rest","https://github.com/ydespreaux/spring-data-elasticsearch-rest.git","test","true","FriApr2619:22:002019+0200",146,1,7,4,"ed839494985a49f66ca7e08cc3f199b3532d2e13","true","true","true",0,"true"
"282","yegor256","thindeck","https://github.com/yegor256/thindeck.git","test","true","FriOct1808:39:512019+0800",1213,1,17,36,"bc59d52ff46247a7628d2537855ab0040135aff2","true","true","true",21,"true"
"283","yingzhuo","kushan","https://github.com/yingzhuo/kushan.git","test","true","SatJun811:26:252019+0800",30,1,0,2,"b50aaeb254068be9e97c1a3b99f5f7a7ad1eedb5","true","true","true",0,"true"
"284","yugabyte","yb-sample-apps","https://github.com/yugabyte/yb-sample-apps.git","test","true","WedOct1610:18:112019-0700",103,1,14,20,"cb38a6894c680ded696a521302bd5a02bab8d49c","true","true","true",0,"true"
"285","zalando","zmon-eventlog-service","https://github.com/zalando/zmon-eventlog-service.git","test","true","FriMar216:24:002018+0100",83,1,1,12,"5bf1f6bded537389506cbf1f1afd009f81ea96eb","true","true","true",9,"true"
"286","zalando-stups","fullstop","https://github.com/zalando-stups/fullstop.git","test","true","MonAug612:05:442018+0200",2019,1,56,35,"b28df6197e007f5174f11d2dc54e5f6b5306063d","true","true","false",NA,NA
"287","zamedic","morse-swarm","https://github.com/zamedic/morse-swarm.git","test","true","MonJul309:03:312017+0000",206,1,0,4,"85f9b974b5d3100ba4348d42734e3f5b9b9fb677","true","true","true",2,"true"
"288","zeebe-io","atomix","https://github.com/zeebe-io/atomix.git","test","true","SatDec708:59:552019+0000",4692,1,103,53,"6538a50b658fa9e1de0d5f9c691894928e8dd6dd","true","true","true",0,"false"
"289","zeebe-io","atomix","https://github.com/zeebe-io/atomix.git","test","true","SatDec708:59:552019+0000",4692,1,103,53,"6538a50b658fa9e1de0d5f9c691894928e8dd6dd","true","true","true",0,"false"
"290","zeebe-io","zeebe","https://github.com/zeebe-io/zeebe.git","test","true","TueDec1016:20:292019+0000",6826,1,42,60,"d73e7d8c3fdbc4a6cb9bd37734d42dddbab19f6a","true","true","false",NA,NA
"291","zeebe-io","zeebe-kafka-exporter","https://github.com/zeebe-io/zeebe-kafka-exporter.git","test","true","MonNov2511:22:042019+0100",62,1,2,7,"8875216fe3ace8a3fddf781a3b8c9f39563b15ee","true","true","true",0,"true"
"292","zendesk","maxwell","https://github.com/zendesk/maxwell.git","test","true","SunDec807:41:312019+1300",3452,1,172,143,"578271b8ca7e422817c70f813d2f16756250c38e","true","true","false",NA,NA
"293","ZsZs","processpuzzle-compose","https://github.com/ZsZs/processpuzzle-compose.git","test","true","SatOct1410:44:022017+0200",16,1,2,2,"36625762dadc0f7dc1e8b7a1523a2090b4cc4f36","true","true","true",0,"true"
